{
	"name": "Event sheet 1",
	"events": [
		{
			"eventType": "variable",
			"name": "timer",
			"type": "number",
			"initialValue": "0",
			"comment": "",
			"isStatic": false,
			"isConstant": false,
			"sid": 500436603363974
		},
		{
			"eventType": "block",
			"conditions": [
				{
					"id": "is-moving",
					"objectClass": "Sprite",
					"sid": 744067186086540,
					"behaviorType": "Platform"
				},
				{
					"id": "is-on-floor",
					"objectClass": "Sprite",
					"sid": 837240246530864,
					"behaviorType": "Platform"
				}
			],
			"actions": [
				{
					"id": "set-animation",
					"objectClass": "Sprite",
					"sid": 820856778987757,
					"parameters": {
						"animation": "\"Animation 1\"",
						"from": "beginning"
					}
				}
			],
			"sid": 520870815087982
		},
		{
			"eventType": "block",
			"conditions": [
				{
					"id": "is-jumping",
					"objectClass": "Sprite",
					"sid": 743433326122902,
					"behaviorType": "Platform"
				},
				{
					"id": "is-moving",
					"objectClass": "Sprite",
					"sid": 953795379067844,
					"behaviorType": "Platform",
					"isInverted": true
				}
			],
			"actions": [
				{
					"id": "stop-animation",
					"objectClass": "Sprite",
					"sid": 758904182249125
				}
			],
			"sid": 295849880589354,
			"isOrBlock": true
		},
		{
			"eventType": "block",
			"conditions": [
				{
					"id": "compare-two-values",
					"objectClass": "System",
					"sid": 705154321873821,
					"parameters": {
						"first-value": "Sprite.X",
						"comparison": 5,
						"second-value": "784"
					}
				},
				{
					"id": "every-tick",
					"objectClass": "System",
					"sid": 267005881973159
				},
				{
					"id": "compare-two-values",
					"objectClass": "System",
					"sid": 853594919913514,
					"parameters": {
						"first-value": "scrollx",
						"comparison": 2,
						"second-value": "1040"
					}
				}
			],
			"actions": [
				{
					"id": "scroll-to-x",
					"objectClass": "System",
					"sid": 397476567018932,
					"parameters": {
						"x": "scrollx+2"
					}
				},
				{
					"id": "set-max-speed",
					"objectClass": "Sprite",
					"sid": 745855621116979,
					"behaviorType": "Platform",
					"parameters": {
						"max-speed": "0"
					}
				},
				{
					"id": "set-animation",
					"objectClass": "Sprite3",
					"sid": 403139409013472,
					"parameters": {
						"animation": "\"Animation 1\"",
						"from": "beginning"
					}
				}
			],
			"sid": 440652371061755
		},
		{
			"eventType": "block",
			"conditions": [
				{
					"id": "compare-two-values",
					"objectClass": "System",
					"sid": 823848985796978,
					"parameters": {
						"first-value": "scrollx",
						"comparison": 0,
						"second-value": "1040"
					}
				}
			],
			"actions": [
				{
					"id": "set-max-speed",
					"objectClass": "Sprite",
					"sid": 392310647843881,
					"behaviorType": "Platform",
					"parameters": {
						"max-speed": "150"
					}
				}
			],
			"sid": 360752191672708
		},
		{
			"eventType": "block",
			"conditions": [
				{
					"id": "compare-two-values",
					"objectClass": "System",
					"sid": 479193450176300,
					"parameters": {
						"first-value": "Sprite.X",
						"comparison": 5,
						"second-value": "560"
					}
				}
			],
			"actions": [
				{
					"id": "set-enabled",
					"objectClass": "Sprite",
					"sid": 345228687256873,
					"behaviorType": "ScrollTo",
					"parameters": {
						"state": "disabled"
					}
				}
			],
			"sid": 231487858215848
		},
		{
			"eventType": "block",
			"conditions": [
				{
					"id": "is-enabled",
					"objectClass": "Sprite",
					"sid": 790421185008460,
					"behaviorType": "ScrollTo",
					"isInverted": true
				},
				{
					"id": "compare-two-values",
					"objectClass": "System",
					"sid": 692363891051083,
					"parameters": {
						"first-value": "Sprite.X",
						"comparison": 3,
						"second-value": "scrollx-224"
					}
				}
			],
			"actions": [
				{
					"id": "set-x",
					"objectClass": "Sprite",
					"sid": 171628846997745,
					"parameters": {
						"x": "scrollx-224"
					}
				}
			],
			"sid": 571648939780430
		},
		{
			"eventType": "block",
			"conditions": [
				{
					"id": "is-jumping",
					"objectClass": "Sprite",
					"sid": 620134422647757,
					"behaviorType": "Platform"
				}
			],
			"actions": [
				{
					"id": "set-animation",
					"objectClass": "Sprite",
					"sid": 549269368664906,
					"parameters": {
						"animation": "\"Animation 2\"",
						"from": "beginning"
					}
				}
			],
			"sid": 877943910072045
		},
		{
			"eventType": "block",
			"conditions": [
				{
					"id": "on-landed",
					"objectClass": "Sprite",
					"sid": 391167857976172,
					"behaviorType": "Platform"
				}
			],
			"actions": [
				{
					"id": "set-animation",
					"objectClass": "Sprite",
					"sid": 824871701107050,
					"parameters": {
						"animation": "\"Animation 1\"",
						"from": "beginning"
					}
				}
			],
			"sid": 842647270075936
		},
		{
			"eventType": "block",
			"conditions": [
				{
					"id": "on-key-pressed",
					"objectClass": "Keyboard",
					"sid": 978729496868732,
					"parameters": {
						"key": 32
					}
				},
				{
					"id": "compare-instance-variable",
					"objectClass": "Sprite",
					"sid": 802403539791955,
					"parameters": {
						"instance-variable": "maxspeed",
						"comparison": 0,
						"value": "150"
					}
				}
			],
			"actions": [
				{
					"id": "spawn-another-object",
					"objectClass": "Sprite",
					"sid": 542520058210973,
					"parameters": {
						"object": "Sprite2",
						"layer": "0",
						"image-point": "1"
					}
				},
				{
					"id": "set-angle",
					"objectClass": "Sprite2",
					"sid": 923457878263031,
					"parameters": {
						"angle": "0"
					}
				}
			],
			"sid": 593537429441273
		},
		{
			"eventType": "block",
			"conditions": [
				{
					"id": "on-start-of-layout",
					"objectClass": "System",
					"sid": 683118495598651
				}
			],
			"actions": [
				{
					"id": "stop-animation",
					"objectClass": "Sprite3",
					"sid": 230499808290447
				},
				{
					"id": "set-animation-frame",
					"objectClass": "Sprite6",
					"sid": 509344391536417,
					"parameters": {
						"frame-number": "0"
					}
				}
			],
			"sid": 653203363095638
		},
		{
			"eventType": "block",
			"conditions": [
				{
					"id": "compare-animation-frame",
					"objectClass": "Sprite3",
					"sid": 666941471308861,
					"parameters": {
						"comparison": 0,
						"number": "4"
					}
				}
			],
			"actions": [
				{
					"id": "destroy",
					"objectClass": "Sprite3",
					"sid": 205032179717171
				}
			],
			"sid": 377761456864585
		},
		{
			"eventType": "block",
			"conditions": [
				{
					"id": "on-key-pressed",
					"objectClass": "Keyboard",
					"sid": 177687177156099,
					"parameters": {
						"key": 32
					}
				}
			],
			"actions": [
				{
					"id": "set-eventvar-value",
					"objectClass": "System",
					"sid": 178638392693474,
					"parameters": {
						"variable": "timer",
						"value": "time"
					}
				}
			],
			"sid": 966426244857750
		},
		{
			"eventType": "block",
			"conditions": [
				{
					"id": "on-key-released",
					"objectClass": "Keyboard",
					"sid": 788666329789129,
					"parameters": {
						"key": 32
					}
				},
				{
					"id": "compare-instance-variable",
					"objectClass": "Sprite",
					"sid": 405956482376388,
					"parameters": {
						"instance-variable": "maxspeed",
						"comparison": 0,
						"value": "150"
					}
				},
				{
					"id": "compare-eventvar",
					"objectClass": "System",
					"sid": 780804304527145,
					"parameters": {
						"variable": "timer",
						"comparison": 3,
						"value": "time-0.4"
					}
				},
				{
					"id": "compare-two-values",
					"objectClass": "System",
					"sid": 484441376270639,
					"parameters": {
						"first-value": "timer",
						"comparison": 4,
						"second-value": "time-1"
					}
				}
			],
			"actions": [
				{
					"id": "spawn-another-object",
					"objectClass": "Sprite",
					"sid": 785609146776359,
					"parameters": {
						"object": "Sprite4",
						"layer": "0",
						"image-point": "1"
					}
				}
			],
			"sid": 737671420702815
		},
		{
			"eventType": "block",
			"conditions": [
				{
					"id": "on-key-released",
					"objectClass": "Keyboard",
					"sid": 107365390787405,
					"parameters": {
						"key": 32
					}
				},
				{
					"id": "compare-instance-variable",
					"objectClass": "Sprite",
					"sid": 292709529556435,
					"parameters": {
						"instance-variable": "maxspeed",
						"comparison": 0,
						"value": "150"
					}
				},
				{
					"id": "compare-two-values",
					"objectClass": "System",
					"sid": 565527108394615,
					"parameters": {
						"first-value": "timer",
						"comparison": 3,
						"second-value": "time-1"
					}
				}
			],
			"actions": [
				{
					"id": "spawn-another-object",
					"objectClass": "Sprite",
					"sid": 247012406851123,
					"parameters": {
						"object": "Sprite5",
						"layer": "0",
						"image-point": "1"
					}
				}
			],
			"sid": 970073216681784
		},
		{
			"eventType": "block",
			"conditions": [
				{
					"id": "key-is-down",
					"objectClass": "Keyboard",
					"sid": 560091472491439,
					"parameters": {
						"key": 32
					}
				},
				{
					"id": "compare-instance-variable",
					"objectClass": "Sprite",
					"sid": 472219092886891,
					"parameters": {
						"instance-variable": "maxspeed",
						"comparison": 0,
						"value": "150"
					}
				}
			],
			"actions": [
				{
					"id": "set-animation-frame",
					"objectClass": "Sprite6",
					"sid": 651417119576136,
					"parameters": {
						"frame-number": "10*(time - timer)"
					}
				}
			],
			"sid": 407790058935916
		},
		{
			"eventType": "block",
			"conditions": [
				{
					"id": "every-tick",
					"objectClass": "System",
					"sid": 778329967793853
				}
			],
			"actions": [
				{
					"id": "set-instvar-value",
					"objectClass": "Sprite",
					"sid": 341894027993619,
					"parameters": {
						"instance-variable": "maxspeed",
						"value": "Sprite.Platform.MaxSpeed"
					}
				}
			],
			"sid": 218575659276644
		}
	],
	"sid": 962017890598810
}