{
	"name": "Sprite",
	"plugin-id": "Sprite",
	"sid": 303027863922628,
	"isGlobal": false,
	"instanceVariables": [
		{
			"name": "maxspeed",
			"type": "number",
			"desc": "",
			"sid": 231803657467294
		}
	],
	"behaviorTypes": [
		{
			"behaviorId": "bound",
			"name": "BoundToLayout",
			"sid": 206828797259411
		},
		{
			"behaviorId": "scrollto",
			"name": "ScrollTo",
			"sid": 188840229687346
		},
		{
			"behaviorId": "Platform",
			"name": "Platform",
			"sid": 998571443484228
		}
	],
	"effectTypes": [],
	"animations": {
		"items": [
			{
				"frames": [
					{
						"width": 16,
						"height": 32,
						"originX": 0.5,
						"originY": 0.5,
						"originalSource": "",
						"exportFormat": "png",
						"exportQuality": 0.8,
						"imageSpriteId": 4697736,
						"useCollisionPoly": true,
						"imagePoints": [
							{
								"name": "Image Point 1",
								"x": 0.75,
								"y": 0.1875
							}
						],
						"duration": 1
					},
					{
						"width": 16,
						"height": 32,
						"originX": 0.5,
						"originY": 0.5,
						"originalSource": "",
						"exportFormat": "png",
						"exportQuality": 0.8,
						"imageSpriteId": 8992397,
						"useCollisionPoly": true,
						"imagePoints": [
							{
								"name": "Image Point 1",
								"x": 0.75,
								"y": 0.1875
							}
						],
						"duration": 1
					},
					{
						"width": 16,
						"height": 32,
						"originX": 0.5,
						"originY": 0.5,
						"originalSource": "",
						"exportFormat": "png",
						"exportQuality": 0.8,
						"imageSpriteId": 1724510,
						"useCollisionPoly": true,
						"imagePoints": [
							{
								"name": "Image Point 1",
								"x": 0.75,
								"y": 0.1875
							}
						],
						"duration": 1
					}
				],
				"sid": 645473130711887,
				"name": "Animation 1",
				"isLooping": true,
				"isPingPong": true,
				"repeatCount": 1,
				"repeatTo": 0,
				"speed": 12
			},
			{
				"frames": [
					{
						"width": 16,
						"height": 32,
						"originX": 0.5,
						"originY": 0.5,
						"originalSource": "",
						"exportFormat": "png",
						"exportQuality": 0.8,
						"imageSpriteId": 6433269,
						"useCollisionPoly": true,
						"duration": 1
					}
				],
				"sid": 901059105387692,
				"name": "Animation 2",
				"isLooping": true,
				"isPingPong": true,
				"repeatCount": 1,
				"repeatTo": 0,
				"speed": 12
			}
		],
		"subfolders": []
	}
}